sampleID,Group,POE10,POE12,POE11,POE13,POE14,POE15,POE16,POE17,POE18,POE19,POE20,POE21,POE22,POE23,POE24,POE25,POE26,POE27,POE28,POE29,POE30,POE12.ISOSORBITAN,POE13.ISOSORBITAN,POE14.ISOSORBITAN,POE15.ISOSORBITAN,POE16.ISOSORBITAN,POE17.ISOSORBITAN,POE18.ISOSORBITAN,POE19.ISOSORBITAN,POE20.ISOSORBITAN,POE21.ISOSORBITAN,POE22.ISOSORBITAN,POE18.SORBITAN,POE19.SORBITAN,POE20.SORBITAN,POE21.SORBITAN,POE22.SORBITAN,POE23.SORBITAN,POE24.SORBITAN,POE25.SORBITAN,POE26.SORBITAN,POE27.SORBITAN,POE28.SORBITAN,POE29.SORBITAN,POE30.SORBITAN,POE31.SORBITAN,POE32.SORBITAN,POE33.SORBITAN,POE34.SORBITAN,POE35.SORBITAN,POE36.SORBITAN,POE13.C16,POE14.C16,POE15.C16,POE16.C16,POE17.C16,POE18.C16,POE19.C16,POE20.C16,POE21.C16,POE22.C16,POE23.C16,POE24.C16,POE25.C16,POE26.C16,POE27.C16,POE28.C16,POE29.C16,POE30.C16,POE31.C16,POE32.C16,POE33.C16,POE34.C16,POE35.C16,POE36.C16,POE38.C16,POE37.C16,POE39.C16,POE14.C18,POE15.C18,POE16.C18,POE17.C18,POE18.C18,POE19.C18,POE20.C18,POE21.C18,POE22.C18,POE23.C18,POE24.C18,POE25.C18,POE26.C18,POE27.C18,POE28.C18,POE29.C18,POE30.C18,POE31.C18,POE32.C18,POE33.C18,POE34.C18,cdai,Sac_S,Suc_S,Asp_S
HK1001,0,2705830.0,2055084.875,2564990.75,1319082.75,635304.938,324749.328,184841.843,122513.914,36804.488,56368.363,35922.859,38691.68,42187.328,31335.777,40764.09,41659.766,45859.516,39908.445,35173.051,27757.293,24146.363,8416.841,14838.198,17679.223,19107.863,14429.103,13469.402,7643.019,7315.594,0.0,0.0,0.0,21954.59,30105.982,38349.5,69000.031,109628.422,131431.141,119774.836,115805.125,92989.797,70371.023,48996.871,31898.572,19523.902,12480.029,8657.904,0.0,0.0,0.0,0.0,2636.277,15409.608,39200.305,51013.07,64017.973,73177.219,81080.586,89656.984,94657.578,94325.305,86175.578,70981.953,56169.434,47246.625,30860.338,18827.859,14553.92,9207.065,0.0,0.0,0.0,0.0,0.0,0.0,0.0,0.0,0.0,27371.297,75218.578,103659.766,136442.469,141366.531,148501.625,170287.031,174045.797,162811.063,151330.297,134944.547,110708.492,87848.438,66254.633,37583.695,27193.373,18861.783,0.0,0.0,0.0,0.0,50.51604691,0.0,146.564,0.12
HK1002,0,297526.563,512761.813,398887.563,558841.375,474769.281,404956.625,292410.203,231190.328,74821.594,89895.352,64944.621,44378.078,26033.779,14688.391,13997.796,9013.889,7432.86,0.0,0.0,0.0,0.0,23682.367,47120.746,56570.191,84264.406,73670.82,69336.32,73712.672,63073.336,39071.688,26886.555,15261.313,44650.617,77301.711,101034.547,185862.734,300936.0,373258.406,461731.469,477877.219,481520.781,398721.031,347612.813,226324.875,173571.563,124757.398,89642.836,53942.988,40859.344,27505.412,15505.116,2607.947,18093.043,39367.457,60483.957,69815.594,74469.664,83356.414,96300.484,99764.313,87154.109,81974.914,69934.445,61061.668,50196.566,27702.969,18765.699,12440.428,0.0,0.0,0.0,0.0,0.0,0.0,0.0,0.0,0.0,0.0,56329.836,139167.063,202267.844,221056.109,258853.984,243179.688,258439.031,261598.328,232488.719,209630.188,185085.156,147051.734,107870.875,71412.234,40660.832,26356.922,15863.238,10289.568,0.0,0.0,0.0,37.4,21.914,51.398,4.487
HK1003,1,2657969.25,3088170.75,3236454.5,2222483.5,985213.625,674542.109,357338.828,199430.547,39585.758,34956.324,27892.25,15911.961,13039.844,10218.787,9950.666,11185.632,7612.186,0.0,0.0,0.0,0.0,21262.91,42236.227,44696.25,46581.656,49492.949,38220.734,19678.373,20687.492,9702.626,8525.537,0.0,97175.414,191218.063,276398.594,506393.625,792297.313,935413.938,1041021.125,1045524.313,817013.313,652476.375,467185.938,281883.094,186171.313,105655.023,71791.164,38553.52,23971.287,11624.21,8070.44,0.0,0.0,0.0,0.0,0.0,0.0,0.0,0.0,0.0,0.0,0.0,0.0,0.0,0.0,0.0,0.0,0.0,0.0,0.0,0.0,0.0,0.0,0.0,0.0,0.0,0.0,0.0,0.0,0.0,9998.113,9780.895,15404.721,15682.14,19040.617,18168.52,15507.167,12388.332,11487.403,9615.901,7263.696,0.0,0.0,0.0,0.0,0.0,0.0,0.0,0.0,216.6,22.684,81.291,0.0
HK1004,0,2188666.0,2137031.5,2276443.75,1672448.625,1062501.0,704969.196,446010.454,296945.172,71849.195,73748.563,62731.891,40319.41,24448.129,17994.768,10273.937,11728.186,7012.876,0.0,0.0,0.0,0.0,46395.555,76336.492,102236.703,135209.344,139657.266,128093.813,102575.297,87753.82,51804.371,33648.969,20799.893,53163.512,100589.992,155182.094,345070.375,614039.813,910575.688,1092080.0,1257796.75,1329178.375,1085081.375,1014210.0,750792.125,529413.813,401888.563,292018.281,196445.328,126606.141,85627.914,56342.27,0.0,3045.385,0.0,8123.464,8249.139,11885.117,15473.215,16441.793,20950.252,23044.906,26085.318,19686.57,16196.176,10183.358,8728.418,0.0,0.0,0.0,0.0,0.0,0.0,0.0,0.0,0.0,0.0,0.0,0.0,13819.935,33172.477,44917.164,54825.262,56162.949,60389.969,69105.594,61895.926,58502.297,53170.582,46791.703,38199.477,25989.871,19919.055,11766.003,0.0,0.0,0.0,0.0,0.0,0.0,70.71067754,20.394,1864.711,0.0
HK1005,0,270787.5,431045.625,372324.5,470804.969,369674.75,271698.012,215659.808,150408.617,56416.699,59842.539,59283.191,57570.055,63620.063,56966.469,73142.305,74027.109,76930.438,60119.996,50365.617,17204.803,17832.699,24272.15,45147.734,55031.684,71363.031,65564.063,44822.57,35262.461,32200.979,22093.074,13940.413,0.0,94864.828,177770.328,237917.609,428767.281,702187.688,885244.063,961089.313,1044949.0,930461.688,794531.563,590871.938,395935.313,266781.781,184525.422,140877.563,87131.133,56295.363,37458.875,23118.348,0.0,3063.599,8270.46,9690.507,13979.945,13535.983,17150.594,21617.807,20025.104,21701.766,23638.799,13471.507,14825.568,13375.627,8049.647,0.0,0.0,0.0,0.0,0.0,0.0,0.0,0.0,0.0,0.0,0.0,0.0,9537.431,34970.188,42107.629,43562.758,46535.93,52622.949,57090.777,56523.41,49666.844,44951.754,40397.59,35719.824,21549.654,14813.443,10511.609,0.0,0.0,0.0,0.0,0.0,0.0,80.01136114,2.297,185.356,0.101
HK1006,0,4170570.5,3385441.25,3983784.75,2824199.0,1957985.75,1368040.297,1030206.438,735725.813,235978.672,251856.203,214081.656,194824.438,182496.797,165890.344,167748.984,176916.219,185320.313,164023.078,152038.563,110201.734,103335.656,80041.141,158386.656,195962.859,247301.531,355453.438,263986.719,219386.781,154553.109,114334.469,61991.621,50685.469,119331.656,270548.969,408005.563,815651.625,1406626.5,2215711.5,2634492.0,3047141.5,2892151.0,2452078.5,1925983.0,1387613.5,1019467.938,688618.75,557449.375,375956.219,241194.328,136560.219,79664.578,8752.198,65223.09,168939.672,215003.328,243827.703,295293.375,363661.156,420344.844,434039.688,436611.0,416534.656,354640.188,281403.063,210004.469,149277.797,101243.82,63050.914,41283.5,26821.945,15120.189,11114.604,0.0,0.0,0.0,0.0,0.0,0.0,291681.938,738282.125,962433.75,1062363.875,1240544.125,1182983.25,1301079.0,1233523.25,1156051.375,962806.813,815236.438,650529.125,480779.656,336956.688,199466.078,121131.563,79462.883,63331.953,27794.998,12452.557,10397.951,111.5367521,27.498,34.059,0.111
HK1007,1,400328.719,505028.5,436836.625,618269.563,644617.563,774869.985,952333.953,1242354.251,678836.063,1117996.5,1383063.375,2052080.125,2596152.5,2684655.0,2845688.75,2618800.75,2295224.0,1727146.625,1092106.5,908622.688,632581.875,0.0,0.0,7595.569,0.0,0.0,9422.495,0.0,0.0,0.0,0.0,0.0,17562.098,22104.891,32821.977,60355.875,116633.906,121262.711,151792.391,166211.094,125852.828,88450.633,68263.492,36814.512,22953.605,13920.156,9168.223,0.0,0.0,0.0,0.0,0.0,1778.004,0.0,7813.289,8234.12,10383.061,12944.728,18414.324,20974.889,19599.443,19657.254,16665.471,15337.273,9858.582,7805.375,0.0,0.0,0.0,0.0,0.0,0.0,0.0,0.0,0.0,0.0,0.0,0.0,7101.987,15765.318,26299.631,32589.273,35041.434,32328.586,40258.422,40567.992,43278.457,34574.84,32680.33,29637.354,18653.549,13071.118,7440.678,0.0,0.0,0.0,0.0,0.0,0.0,259.0,63.43,433.386,0.0
HK1008,0,3528481.25,12986434.0,5948083.0,15313608.0,11047611.0,11152267.56,6609332.875,5659753.625,1399298.75,1121521.75,766339.375,369605.031,303750.688,223094.188,170857.0,132084.969,86231.984,69131.125,49060.473,25668.047,15115.999,30178.621,66768.555,85740.641,95103.75,66702.641,87494.227,53396.281,67619.938,29115.959,25960.555,12155.215,46375.652,96636.273,154510.609,342416.813,577799.625,788167.125,985831.375,1087430.875,1131869.625,960638.75,817589.5,614379.125,464709.719,352439.719,256360.984,172109.516,131737.516,86580.898,55605.336,0.0,2071.376,0.0,0.0,8671.975,9907.673,12403.154,17614.297,16786.838,20566.246,18568.322,16510.662,15003.069,10551.644,10566.029,8188.254,0.0,0.0,0.0,0.0,0.0,0.0,0.0,0.0,0.0,0.0,0.0,0.0,10680.859,12073.534,18278.385,19103.994,25292.764,22123.891,26839.166,26235.133,21313.623,20388.313,16825.453,14881.088,8960.107,0.0,0.0,0.0,0.0,0.0,0.0,0.0,65.38219069,6.43,284.872,0.722
HK1009,0,465377.406,928119.75,619083.438,1160040.75,1061248.375,934010.532,768810.735,603154.266,203616.813,196552.906,152105.594,119879.5,102819.734,77182.32,118315.297,150080.266,235209.016,257693.656,339482.938,348044.563,375206.406,71301.781,143524.078,206528.844,250525.344,319939.156,232012.063,192026.344,186011.953,125981.07,91144.516,53926.359,124761.813,223572.891,322525.375,737505.563,1164686.25,1644820.625,2052879.5,2230088.25,2218371.0,2067894.75,1749937.5,1426478.25,1155780.75,905054.938,781333.75,559805.063,409040.438,247635.469,184690.406,0.0,7944.356,17602.895,21803.732,21485.738,28836.777,45689.59,49956.695,61992.762,51095.914,50590.215,43517.188,31370.965,24552.299,21280.201,9801.014,9394.887,0.0,0.0,0.0,0.0,0.0,0.0,0.0,0.0,0.0,0.0,24763.613,72586.172,113047.719,127240.164,141851.969,149723.172,184338.094,180652.625,167202.266,139476.094,111844.203,97013.914,62136.07,46014.57,26796.541,21840.742,13415.581,11589.546,9854.797,0.0,0.0,77.85038825,15.752,257.225,0.05
HK1010,0,454860.031,852302.875,656342.563,948274.438,593478.938,584328.516,372434.109,320631.196,93283.594,56573.555,49719.355,25767.996,23394.369,16854.729,15437.438,12448.226,11298.058,0.0,0.0,0.0,0.0,15921.71,35744.824,38488.512,49250.75,58908.652,50004.98,25666.1,29405.111,17246.086,10831.939,7566.331,86144.461,129711.773,157158.047,269243.375,351337.094,448394.563,425279.438,431157.969,397643.375,339247.0,266780.875,197674.016,156515.297,118975.758,91810.945,64835.961,54203.191,32191.158,25929.252,0.0,2763.628,9236.754,9816.987,13978.624,15811.724,23866.332,29735.158,34591.105,28891.484,29629.082,24223.857,16470.494,13534.824,8406.324,0.0,0.0,0.0,0.0,0.0,0.0,0.0,0.0,0.0,0.0,0.0,0.0,15241.586,38624.977,54320.371,62000.551,82435.297,89482.18,113544.883,104178.109,104284.859,88467.055,70525.563,53354.238,33816.727,22535.314,14609.899,8133.438,0.0,0.0,0.0,0.0,0.0,22.78179368,16.366,41.397,0.123
HK1011,1,809413.188,1071109.875,967411.25,874898.563,473269.75,246232.705,132614.943,69986.362,27789.291,30876.432,20748.141,14993.004,12552.037,8299.286,9728.264,11869.975,11893.067,12579.352,13406.629,9413.47,8354.994,0.0,0.0,42737.02,0.0,0.0,0.0,0.0,0.0,0.0,0.0,0.0,7069.211,10454.653,9598.552,17883.35,28496.307,30833.787,34608.527,28447.922,27409.15,17270.865,13893.097,10856.634,0.0,0.0,0.0,0.0,0.0,0.0,0.0,0.0,7370.651,15776.005,18611.055,29273.664,27436.268,33297.172,40063.336,42057.813,38680.09,33986.711,29567.879,22409.057,16177.348,10881.743,7264.934,0.0,0.0,0.0,0.0,0.0,0.0,0.0,0.0,0.0,0.0,0.0,32780.48,74033.906,96389.805,109097.984,116628.703,134350.203,130051.25,135396.594,125464.57,101856.977,88169.266,61824.598,45286.129,33665.809,17388.174,12214.004,7162.857,0.0,0.0,0.0,0.0,153.0291879,60.272,6602.559,0.0
HK1012,0,1144520.875,1719884.5,1521280.125,1503132.625,1010104.438,692299.953,476692.336,319103.773,96484.836,97276.375,90395.531,100553.156,134210.594,174394.547,290892.688,423526.469,647642.813,742660.75,674277.063,699951.438,571427.125,11757.464,16602.873,20841.314,27226.082,26968.061,28529.527,24637.984,19988.586,12725.163,7297.536,0.0,84603.617,102064.391,117174.383,163723.094,209335.469,145618.766,250587.094,167642.578,211862.484,123443.852,151032.563,79967.625,95692.82,58507.473,55065.516,40998.91,33819.52,21581.943,15335.191,0.0,4409.201,12589.382,18879.586,21906.654,28248.539,32326.428,35151.773,43802.102,44568.242,46272.859,39359.074,33157.809,28314.506,19012.441,13018.589,8927.003,7398.05,0.0,0.0,0.0,0.0,0.0,0.0,0.0,0.0,0.0,12551.356,36694.617,52679.129,66845.594,81132.281,91889.219,94145.203,105437.484,98633.789,91687.609,82388.672,72853.648,52179.008,44470.91,28468.885,20721.361,18277.652,12987.09,10347.579,0.0,0.0,48.15541232,0.0,70.0,0.172
HK1014,0,7500075.0,10286891.0,8761979.0,10052898.0,7919638.0,6204977.625,4453496.063,3293968.438,920289.625,860143.688,951896.813,922537.75,1138371.0,1523714.25,1961334.5,2849879.75,4273449.5,5075980.5,5721675.0,4473413.0,4329139.0,769677.938,1177798.125,1430447.375,1591405.5,1567020.125,1167576.125,735715.875,605179.125,282408.219,155810.969,104391.328,1662295.0,3277908.75,4303365.0,9284678.0,12984106.0,16208985.0,15944921.0,16471504.0,14597209.0,9731784.0,7180771.5,4358449.5,2820078.5,1861228.25,1126993.0,691227.438,388709.031,199860.516,104889.797,0.0,5919.275,18515.672,22501.131,26643.629,31911.34,36078.539,41203.52,39913.137,38275.137,36241.844,30170.791,22606.307,18319.666,12067.979,7662.333,0.0,0.0,0.0,0.0,0.0,0.0,0.0,0.0,0.0,0.0,0.0,13534.591,46782.027,65958.648,65168.965,80737.883,83690.203,86288.758,93593.0,84606.82,78758.102,64631.363,56761.059,39086.469,25363.73,16116.016,12246.778,8654.354,0.0,0.0,0.0,0.0,130.149155,4.809,763.165,0.0
HK1015,0,4032236.0,5667556.0,5058516.0,5240135.5,3575517.75,2318972.188,1570463.25,984717.063,258750.859,202078.234,141836.422,112316.359,98389.156,103385.031,127113.047,149233.797,234176.828,217271.828,342016.906,298285.938,341394.313,162657.344,236029.688,272084.531,275746.75,189933.547,151731.953,136094.609,114029.586,64224.348,17263.283,25995.4,1125979.125,2090877.0,2771892.75,5709659.5,7589442.5,10295313.0,9845151.0,9142340.0,7443287.0,4946905.5,3526168.0,2027574.625,1368991.75,812390.125,577154.563,321476.313,196327.063,110173.742,67483.469,0.0,0.0,10459.82,16536.955,21025.766,23593.703,25847.506,38645.254,45027.953,41327.902,46943.66,40048.434,36451.406,26272.934,23706.506,13799.954,11636.539,7246.964,0.0,0.0,0.0,0.0,0.0,0.0,0.0,0.0,0.0,14073.697,39440.754,71915.578,68366.977,77127.438,92792.414,96944.984,102746.813,104655.781,94802.875,82231.32,70576.375,57217.621,46502.41,28405.023,20884.49,14635.84,14433.263,8387.53,8311.366,0.0,41.4,13.7,106.338,0.106
HK1016,0,2962210.75,4774547.5,3749785.25,4084752.0,4026906.75,2755890.844,2474300.594,2177574.063,747438.438,646176.688,524549.25,368881.375,255324.188,158730.328,105530.547,56208.035,42949.988,21306.107,14992.189,0.0,0.0,137522.859,314345.094,398200.438,523889.969,565853.25,638099.188,467447.125,503473.781,256690.0,166791.75,136442.516,90957.492,179043.234,334029.875,747729.875,1234604.5,2041584.75,2598875.0,3331752.25,3447404.75,3246952.75,2827203.0,2211214.75,1815817.375,1473673.625,1196751.625,830821.313,552402.438,349003.656,210677.75,0.0,16408.504,37327.637,53527.773,78026.055,93031.5,123808.859,142043.281,168818.281,173899.859,184910.438,154827.078,146143.703,131408.563,106105.266,92957.5,73176.883,59290.254,46901.227,39014.875,27323.619,21705.467,16025.646,10935.004,6770.459,8750.402,4339.506,29074.941,78853.93,130437.641,158145.109,176617.797,241605.5,246370.031,271633.844,285068.344,273887.906,273244.938,232448.125,208786.938,188234.703,132888.375,112427.555,93986.219,82284.109,70236.391,51527.355,41712.301,55.6,40.121,99.658,0.173
HK1017,1,1411781.25,3413804.5,2190641.0,4239817.5,3472207.75,2910268.813,2344207.313,1577154.438,559788.5,530600.625,309661.406,206019.453,110708.969,62049.5,39424.211,25422.586,19082.525,7472.62,7532.527,0.0,0.0,49211.797,95059.859,116607.094,150127.172,187427.359,141391.141,121564.766,111296.445,62805.012,40573.418,25676.027,94273.32,200481.422,306323.875,600193.125,1012818.563,1252068.0,1434554.625,1583900.125,1399192.5,1112016.125,934518.438,621486.875,452734.594,311399.813,224757.453,142790.75,97269.484,60054.066,36076.613,3016.315,10993.861,33538.688,38029.598,61498.156,77923.383,104138.758,124485.797,152330.141,177710.297,172638.875,166450.281,157850.109,140538.594,122063.313,104435.383,80870.578,72051.516,57061.238,46798.762,35009.68,22075.543,17682.127,12176.088,7274.879,8978.165,4158.779,49960.508,153786.563,225878.984,290827.688,309169.219,362145.313,457688.406,475206.75,546731.688,468410.219,494769.875,427749.031,380978.0,344538.969,243132.922,203003.031,158214.984,130584.805,97925.07,75578.477,52021.074,217.0525277,0.0,638.15,0.0
HK1018,0,368510.969,623620.125,508402.063,605164.813,418837.219,303441.89,230022.852,158955.715,55836.246,51309.387,31873.834,27565.48,17949.039,11944.25,12975.667,8164.549,9464.492,0.0,0.0,0.0,0.0,7549.517,17047.932,22830.141,33830.332,29757.564,40297.059,25396.295,24057.787,19906.973,11636.702,8752.878,33477.637,50620.945,57499.875,101367.5,128314.117,155302.563,169788.953,162654.172,162193.672,128093.539,108257.07,95149.219,73971.539,53735.441,43790.715,34472.824,22823.902,14398.55,10866.421,0.0,0.0,0.0,0.0,0.0,0.0,0.0,0.0,0.0,0.0,7475.945,0.0,0.0,0.0,0.0,0.0,0.0,0.0,0.0,0.0,0.0,0.0,0.0,0.0,0.0,0.0,0.0,0.0,13876.606,16752.754,25411.402,19017.566,26462.865,24065.348,27474.248,24012.672,22870.014,16061.164,14663.827,13905.946,9086.235,0.0,0.0,0.0,0.0,0.0,0.0,0.0,75.0,1.8,189.8,0.107
HK1019,0,1359684.25,1613474.5,1479543.25,1493932.5,892981.313,894001.157,583368.032,547714.922,124608.727,152151.859,122687.727,70494.172,63114.25,45557.332,37341.617,34400.012,30767.867,23775.717,22496.59,0.0,11685.424,45166.586,116636.461,149370.047,270742.688,255592.203,235616.313,157028.188,176654.953,105752.656,83930.617,50128.863,139240.484,207185.359,252318.766,485672.688,771433.375,1003987.188,1076378.625,1250499.375,1282489.125,1145683.375,1050487.25,819706.438,671289.375,519268.031,443317.156,311576.469,245000.047,174741.688,140942.469,0.0,0.0,0.0,0.0,0.0,0.0,0.0,7228.075,8782.185,10538.507,8393.938,9361.899,7342.791,0.0,0.0,0.0,0.0,0.0,0.0,0.0,0.0,0.0,0.0,0.0,0.0,0.0,0.0,0.0,0.0,0.0,9078.306,7655.899,8506.404,10140.588,8787.637,9260.106,0.0,7872.31,0.0,0.0,0.0,0.0,0.0,0.0,0.0,0.0,0.0,0.0,50.74812959,1.358,154.953,0.112
HK1020,0,1515443.125,4504551.5,2690938.25,5880339.5,4459354.0,4919183.844,4208583.75,3419859.875,924170.5,684058.813,626625.125,452164.969,302833.063,240246.563,181119.234,131492.5,99182.336,75576.547,52684.645,18064.586,27537.416,254883.953,655933.938,788878.688,1037858.25,1229645.5,1149500.125,863461.438,847217.0,413922.531,337284.938,237061.188,306402.813,613177.5,901179.625,1996132.125,3449822.5,5016315.0,6379095.0,8038990.5,8332805.0,8326687.0,7327286.5,6225714.5,5308659.5,4344569.5,3830512.5,2791983.5,2245695.25,1582090.25,1068253.875,0.0,1764.999,0.0,8422.312,9936.383,12085.326,12485.935,13144.047,12816.689,11654.476,14268.352,12758.194,11660.563,10983.854,9584.047,0.0,0.0,0.0,0.0,0.0,0.0,0.0,0.0,0.0,0.0,0.0,0.0,18290.697,46647.305,64296.984,68202.148,75595.68,80832.117,80789.25,76904.82,76808.555,68609.672,53607.711,52919.48,39891.125,35342.969,20003.311,12874.067,10093.965,0.0,0.0,0.0,0.0,10.8,46.095,501.774,0.106
HK1021,0,706492.5,688750.0,698891.375,589892.0,371165.656,260652.019,185236.355,127518.804,46406.828,41426.527,29121.037,22301.678,20662.598,20025.221,17816.857,18215.035,19897.992,13136.498,14839.596,13562.192,13967.451,14900.052,23418.871,28359.986,30014.238,38081.535,37427.684,20488.795,16905.059,14375.114,0.0,0.0,64001.602,102619.828,154484.25,304826.813,438275.313,536576.563,562240.5,549629.625,463521.656,353398.844,256049.797,185789.125,109456.281,85838.313,47581.359,43617.219,18788.338,22353.768,0.0,0.0,6060.451,14969.711,17635.652,21119.209,22628.623,33946.48,37583.707,32550.443,38787.539,34404.203,33485.172,29893.012,23155.963,17497.33,10802.376,12067.472,8938.211,8373.419,0.0,0.0,0.0,0.0,0.0,3239.539,0.0,2094.227,13582.809,42168.375,53597.008,61863.742,68520.109,74545.891,85098.5,82884.57,74448.484,78016.945,73778.656,54774.094,47945.414,36548.203,28297.559,21683.645,18475.551,16452.25,14454.351,11555.188,10094.186,88.52466343,0.0,279.166,2.386
HK1022,0,431290.063,526379.063,530763.438,430134.875,267031.625,181624.508,122485.261,86195.148,33059.23,34768.156,25377.109,14759.316,12202.603,9068.33,7751.79,0.0,7608.064,0.0,0.0,0.0,0.0,8583.801,17540.045,22370.393,31273.912,33338.508,32676.182,21416.834,20336.387,14506.489,8660.581,0.0,52190.695,82471.492,92942.188,137784.0,192572.594,226083.047,217871.766,220917.156,207116.172,181149.75,139682.344,103594.164,75177.289,56736.488,42567.0,30127.488,18907.621,12278.706,8952.312,0.0,9513.23,24759.879,31156.414,33987.266,45527.324,60758.449,81750.375,94518.547,93773.664,81660.055,68590.625,49899.465,37768.285,25293.355,16711.203,10881.407,0.0,0.0,0.0,0.0,0.0,0.0,0.0,0.0,0.0,0.0,42673.719,122824.992,175268.453,203813.828,281727.0,265912.625,324375.75,369770.125,350904.406,294870.438,235504.594,179762.141,114201.773,83180.195,43555.84,26376.037,17204.465,11685.689,7389.813,0.0,0.0,73.6,2.759,4510.841,0.102
HK1024,0,33169518.0,60265780.0,49491888.0,60160940.0,45598580.0,30062138.75,15690712.0,10356429.5,2175263.25,1500212.75,889896.313,473447.063,315788.781,307613.906,225672.563,65716.695,136826.406,0.0,135646.703,0.0,79828.805,3153643.5,5921962.0,5330066.0,6569508.0,3976015.25,2821243.0,1488720.375,1636211.5,614081.25,385133.281,384856.156,28065332.0,45663048.0,52209584.0,93885824.0,120685104.0,131101904.0,131022000.0,125856568.0,110630824.0,79500464.0,62151640.0,36787376.0,25784194.0,15592751.0,10300109.0,5715220.0,3649022.25,1971228.375,1218843.875,0.0,9425.434,24624.813,32749.275,44425.23,51175.348,59096.648,62489.555,68430.805,69555.219,66125.5,57680.492,50196.609,40902.84,26922.313,16531.076,13487.485,7734.683,0.0,0.0,0.0,0.0,0.0,0.0,0.0,0.0,0.0,16848.449,47337.031,70614.875,75215.539,101327.07,104082.969,110138.695,117101.352,118400.172,103183.539,94442.367,77622.273,56415.855,43721.387,29998.576,20455.895,9726.091,0.0,0.0,0.0,0.0,75.45896011,12.218,200.0,0.101
HK1025,0,6706626.5,11988401.0,9450995.0,12378072.0,7499905.0,7180762.688,4963124.375,3593867.063,996552.063,843901.688,630165.125,498970.844,414569.594,376865.188,330585.594,325408.344,310984.594,242131.281,209654.359,144675.969,117489.703,16823.061,35503.238,28358.736,56264.691,38784.324,44724.297,22439.156,26005.945,10766.609,10354.691,0.0,59852.629,129746.383,164310.625,332144.563,481032.844,598817.438,655688.063,655882.438,578456.375,414761.188,330770.125,210742.219,152770.453,115647.609,90078.336,57536.695,40449.855,22983.174,15384.799,0.0,3078.502,7725.158,9580.452,15132.486,19705.889,27899.867,33365.492,31391.463,39997.406,35287.309,30402.25,27072.068,20631.447,18973.291,12049.969,0.0,0.0,0.0,0.0,0.0,0.0,0.0,0.0,0.0,0.0,0.0,0.0,16664.713,23334.607,34325.863,40996.402,47871.766,47968.375,52680.688,57091.293,48765.223,42987.988,39387.594,30631.451,20879.787,13334.5,9223.722,7029.321,0.0,0.0,0.0,0.0,125.4527436,263.34,5314.985,0.102
HK1026,0,76430.758,100692.742,94095.227,98636.867,89210.891,68755.788,43559.156,37668.533,13493.515,19166.117,15102.872,7729.12,8996.742,7773.461,7931.62,0.0,11523.571,7305.393,11439.943,0.0,0.0,0.0,0.0,13026.228,0.0,0.0,0.0,0.0,0.0,0.0,0.0,0.0,0.0,0.0,8553.273,15134.504,26456.602,35269.262,43979.566,45864.902,42493.844,31706.949,24064.305,15102.378,12179.868,8626.557,7091.146,0.0,0.0,0.0,0.0,0.0,2805.538,9320.833,11523.023,11065.534,11935.115,18105.566,22231.207,22374.201,24507.279,21351.342,20107.762,18688.268,13894.841,10294.574,0.0,0.0,0.0,0.0,0.0,0.0,0.0,0.0,0.0,0.0,0.0,0.0,9261.605,20852.283,35216.328,37152.18,46476.66,52033.414,48314.719,52987.953,52628.715,42224.086,37224.137,28058.766,20005.732,14391.602,11059.407,0.0,0.0,0.0,0.0,0.0,0.0,63.2,0.0,66.197,0.721
HK1027,0,7311429.0,7872946.5,7890017.0,6398487.0,3463052.0,2980910.563,1779543.125,1793628.063,551471.688,678150.188,682812.313,681284.063,809036.063,847555.625,881284.0,998620.125,936507.938,1064775.125,1013774.313,645857.563,465377.281,97524.398,177207.172,193820.844,244627.625,164640.594,118717.711,108849.406,83070.125,36995.422,27491.656,17605.199,923182.688,1623897.125,2254397.5,4223166.5,6297203.5,7868582.0,7586131.5,7286697.0,6238450.0,4135740.25,3154217.25,1800887.125,1340964.375,842316.0,554169.313,321580.5,191679.953,105302.117,66941.914,0.0,2137.117,0.0,7977.943,12105.614,12846.775,13260.224,19136.238,15569.742,19573.273,15735.241,14342.868,12890.693,9944.063,0.0,0.0,0.0,0.0,0.0,0.0,0.0,0.0,0.0,0.0,0.0,0.0,0.0,7972.585,23811.045,32202.738,35455.844,47257.961,47503.133,53877.387,62276.82,61532.496,49035.695,42363.938,33468.543,24360.197,16527.428,10095.896,0.0,0.0,0.0,0.0,0.0,0.0,57.0,8.055,99.658,0.129
HK1028,0,6067829.5,4212910.0,5854079.5,2619654.75,1124497.625,395292.438,164953.668,90060.317,20415.211,22365.316,12948.258,0.0,0.0,0.0,0.0,0.0,0.0,0.0,0.0,0.0,0.0,8206.813,10692.756,8816.171,0.0,0.0,0.0,0.0,0.0,0.0,0.0,0.0,18687.188,24567.654,32360.682,47587.887,69586.664,81603.742,83457.352,68802.438,60184.805,41517.93,34385.313,17989.928,12904.71,7320.701,0.0,0.0,0.0,0.0,0.0,2555.785,10004.066,26242.629,35876.703,45048.652,59622.91,63938.703,59250.176,64753.813,54818.445,42060.359,40422.828,29343.305,18793.43,16229.075,10199.22,8106.541,0.0,0.0,0.0,0.0,0.0,0.0,0.0,2902.465,0.0,2126.282,42175.223,103879.969,143293.313,181966.375,186598.281,192952.219,193474.281,182060.844,164317.766,123191.117,100392.297,77240.984,49740.73,32558.143,18514.996,13294.473,0.0,7231.308,0.0,0.0,0.0,36.23933087,0.0,51.398,0.114
HK1029,0,2262425.5,4613208.0,3369447.25,4978870.5,3682314.5,3023596.344,2136514.313,1515876.844,443908.625,368114.094,271759.938,153116.563,100188.891,50747.918,38466.527,40969.223,28861.719,25637.648,20250.496,14594.523,9873.928,0.0,0.0,0.0,7001.421,0.0,0.0,0.0,0.0,0.0,0.0,0.0,0.0,0.0,10131.0,11961.676,28593.576,44053.449,46058.777,50552.922,36545.047,29357.656,21930.357,16678.486,0.0,8288.771,0.0,0.0,0.0,0.0,0.0,2898.677,14736.76,42439.641,43699.633,60827.34,67000.477,79236.508,89872.406,103436.867,96758.188,89580.883,87230.438,73057.797,56359.0,44526.129,30831.021,19684.086,15503.639,12397.432,7794.42,7574.77,0.0,0.0,0.0,0.0,0.0,0.0,26020.195,80419.188,92935.539,120125.656,160065.063,151456.156,147950.125,160591.5,143083.906,131650.484,95769.344,80949.398,63389.82,39343.133,25339.387,15718.01,11249.498,7371.732,0.0,0.0,0.0,122.9488373,16.408,2931.064,0.0
HK1030,0,1459867.625,1450458.5,1689774.0,1559737.375,1177221.5,756750.829,680774.914,630408.188,180725.938,264945.0,261442.063,200953.281,245254.219,206358.125,189753.422,163389.719,147001.609,74657.133,81361.305,42177.906,41893.367,48406.723,121517.172,115234.477,179622.406,179472.625,176492.109,117952.703,135838.656,80832.406,37032.676,24736.57,68714.688,138839.984,209546.719,451248.156,824594.313,1190031.875,1502842.5,1793339.125,1759004.875,1700432.5,1498729.375,1125961.75,908450.563,707055.563,611226.188,400674.719,301183.938,169521.328,98914.75,0.0,1613.6,0.0,0.0,7591.369,8544.101,10162.925,10555.537,8448.81,12194.723,12075.858,9104.17,8278.653,0.0,0.0,0.0,0.0,0.0,0.0,0.0,0.0,0.0,0.0,0.0,0.0,0.0,0.0,7555.869,20929.371,29395.572,34743.387,34178.629,34335.73,34887.449,36821.742,35268.645,30358.471,27344.205,20977.809,14149.022,11527.858,7633.657,0.0,0.0,0.0,0.0,0.0,0.0,35.6,0.0,49.387,0.122
HK1031,0,196010.875,248566.938,238134.969,202093.484,144911.078,85491.941,57333.976,41843.898,18123.479,26258.732,17026.867,11185.793,0.0,8530.111,0.0,7672.214,0.0,0.0,0.0,0.0,0.0,0.0,0.0,0.0,0.0,0.0,0.0,0.0,0.0,0.0,0.0,0.0,7391.379,7336.313,9980.332,17309.158,28569.744,32399.002,34614.332,33882.23,30985.82,17625.152,13551.03,9411.665,7028.328,0.0,0.0,0.0,0.0,0.0,0.0,0.0,11437.073,24662.719,33983.996,40975.102,42965.645,68021.633,82621.414,102686.984,93878.211,81015.297,63801.914,50128.789,39102.875,21177.012,13967.981,8723.377,0.0,0.0,0.0,0.0,0.0,0.0,0.0,0.0,0.0,0.0,41706.52,115551.445,180180.922,178315.734,234140.797,277045.531,315482.906,317347.344,316522.906,244132.313,197988.531,144070.906,96442.641,56741.98,33737.363,23874.482,13767.181,9928.725,0.0,0.0,0.0,66.0,0.393,146.564,0.115
HK1035,0,1310777.75,1112212.0,1443978.25,867206.563,573188.563,271476.981,156794.254,101449.451,29705.375,37162.629,29238.494,21323.035,18415.18,17763.555,24741.68,28197.455,31886.1,32402.438,43724.418,46520.898,46180.441,12338.653,18654.156,17790.91,16764.143,17027.857,11862.121,7162.839,0.0,0.0,0.0,0.0,172897.391,200956.031,193093.625,390539.125,504876.594,529686.563,537063.0,457527.125,372976.625,225163.578,164388.859,104871.586,71930.078,42938.129,24787.215,13812.009,7583.72,0.0,0.0,0.0,9055.484,26224.104,31460.605,45151.582,56005.93,80139.375,97666.234,123758.461,121303.352,108030.398,99144.945,78499.008,70918.93,50728.395,33443.859,27250.279,17922.5,12743.516,8958.477,0.0,0.0,0.0,0.0,0.0,0.0,0.0,23460.035,64101.426,82138.984,99541.906,125955.977,139467.547,159606.859,174806.266,171005.75,152167.469,138926.969,126969.406,93951.789,69200.133,50387.219,28829.752,24484.289,17155.332,12791.365,7592.139,0.0,34.34923557,2.104,46.426,0.147
HK1036,0,4051871.0,8569539.0,6764278.0,7428692.5,5157860.5,3610359.25,2485301.375,1839554.625,618593.438,515236.844,397263.344,336234.188,308873.25,299143.313,301998.563,257861.203,270026.813,0.0,283814.469,0.0,180471.438,504855.938,956335.063,1054445.25,1136810.125,790019.875,780927.625,381793.313,345125.094,151392.609,89787.945,60761.336,3476665.0,6238065.5,8552093.0,14334049.0,20174212.0,24058246.0,25641064.0,24161392.0,18765852.0,12879995.0,8744027.0,4982783.0,3069135.5,1758216.125,1157191.375,623441.25,377443.938,205095.297,126532.563,0.0,5224.557,12672.46,21793.059,27318.568,33268.293,41960.621,48280.023,47685.676,47599.195,40255.73,33814.406,26742.287,15556.63,13436.021,8314.547,0.0,0.0,0.0,0.0,0.0,0.0,0.0,0.0,0.0,0.0,0.0,25017.381,66417.32,108207.531,117375.234,138359.047,158242.766,164759.156,170838.641,165179.297,127773.719,113382.117,81265.031,55802.324,37108.953,22179.408,14383.442,9524.062,0.0,0.0,0.0,0.0,58.8,17.898,99.658,0.156
HK1037,1,155590928.0,121137848.0,133746632.0,106987232.0,97165672.0,130212140.0,151683020.0,176796408.0,91181760.0,93153352.0,92727192.0,92412384.0,91308264.0,94866464.0,89206864.0,86688800.0,86448384.0,80583456.0,74171504.0,66943516.0,60171920.0,52908.754,121198.414,145667.969,156157.563,69279.563,56515.863,31246.297,15618.218,7399.187,7217.414,0.0,43979.66,46745.645,59720.801,102147.141,109251.125,150363.75,105893.148,105801.789,124151.734,94976.945,83958.539,55026.031,39174.547,35350.902,29551.994,13866.646,15045.707,7516.686,9707.247,0.0,2342.521,0.0,8847.693,11005.021,12137.244,12252.952,12715.182,15053.263,10607.04,13036.604,0.0,12079.66,7179.132,0.0,0.0,0.0,0.0,0.0,0.0,0.0,0.0,0.0,0.0,0.0,0.0,0.0,15166.392,32193.795,51298.559,56427.074,64764.355,75566.289,91105.375,80672.125,83694.5,62850.969,85546.078,44966.219,60675.617,25837.963,31637.711,11149.464,18789.959,0.0,9324.89,0.0,0.0,289.4176455,115.08,771.086,0.104
HK1038,0,922496.438,2067010.875,1090790.5,2399681.0,2002419.625,1683358.359,1226102.876,680418.563,180525.375,120022.141,104033.352,59971.215,35840.555,21630.768,13409.833,10667.646,0.0,0.0,0.0,0.0,0.0,13957.282,29439.393,35520.676,46184.688,54296.895,49464.895,28363.244,24599.582,20160.924,13696.347,8312.76,17922.16,25580.773,45486.848,88416.125,141456.359,213748.844,267361.188,316566.438,332034.469,301459.469,274113.781,197732.188,155861.75,127344.922,95463.438,65000.57,47864.289,32398.293,22529.525,0.0,0.0,0.0,0.0,9142.016,9095.813,11748.633,15149.337,15484.56,14588.112,10368.307,8847.898,7149.315,0.0,0.0,0.0,0.0,0.0,0.0,0.0,0.0,0.0,0.0,0.0,0.0,0.0,0.0,7646.082,23612.863,29463.604,38400.383,46353.77,47840.488,49484.133,48432.188,44977.953,32378.197,32364.016,21415.24,13783.304,10826.276,7424.804,0.0,0.0,0.0,0.0,0.0,0.0,63.10481714,3.599,62.182,0.136
HK1041,0,192473.344,478670.0,319733.906,531336.625,466552.594,329405.992,243212.586,215287.57,68016.109,53376.715,38880.855,25141.574,19723.855,14016.049,9063.401,0.0,0.0,0.0,0.0,0.0,0.0,10249.479,24252.752,29399.439,34111.559,32617.182,30674.643,30955.594,33545.023,13525.935,10793.947,0.0,13255.979,25720.063,42094.824,98054.961,178139.25,278715.375,366537.844,455927.5,427500.594,415538.594,343682.438,248615.359,194466.953,146195.422,106173.953,67049.273,50646.199,29378.127,19286.367,0.0,5572.884,17592.541,21889.748,25355.121,20621.746,29191.891,28060.965,30047.314,25704.346,24456.176,19241.555,17755.881,12735.392,8306.271,0.0,0.0,0.0,0.0,0.0,0.0,0.0,0.0,0.0,0.0,0.0,0.0,22026.762,59827.773,81064.188,79871.359,83733.797,76391.734,86490.57,80659.43,73447.281,63015.809,50275.008,43902.18,29710.07,20410.129,10956.654,9576.691,0.0,0.0,0.0,0.0,0.0,98.79489267,20.319,3995.504,0.11
HK1043,1,5958761.5,5922673.0,6630657.0,4598071.5,2782775.5,2148218.375,1766985.031,1537543.094,626422.625,927253.5,1094024.625,1300311.625,1371904.375,1187765.625,1452504.625,1729611.125,1955977.875,1834928.75,1444610.875,1450488.375,1310828.625,0.0,7184.885,0.0,7857.122,9923.496,0.0,0.0,0.0,0.0,0.0,0.0,9447.114,16422.455,22220.457,20120.736,61212.629,84253.258,98417.859,103936.883,99735.219,72361.609,63604.605,38475.641,31578.621,16822.729,13365.905,8202.791,0.0,0.0,0.0,0.0,5440.612,11188.323,17540.631,21060.109,23583.162,26679.078,36086.613,40982.199,40722.523,36227.777,36210.988,29707.264,23502.15,17004.27,10856.087,7600.184,0.0,0.0,0.0,0.0,0.0,0.0,0.0,0.0,0.0,0.0,18604.322,41425.176,58856.328,69038.969,75519.516,85522.867,87353.586,85884.156,86292.563,76646.063,66699.266,50743.746,41214.73,25566.855,17008.857,10056.391,0.0,0.0,0.0,0.0,0.0,241.3871103,6.67,3618.838,0.102
HK1047,0,739782.5,744028.813,944992.625,682814.313,436634.906,235924.043,136391.063,93477.852,33743.375,33970.891,24391.178,15377.053,7834.187,0.0,0.0,0.0,0.0,0.0,0.0,0.0,0.0,19199.217,16067.891,17505.109,20630.844,9021.274,8393.122,0.0,0.0,0.0,0.0,0.0,8713.919,16501.025,27530.777,50756.668,72666.734,93255.102,99491.172,101158.594,79356.633,61865.066,41641.203,25283.633,15313.8,10700.008,0.0,0.0,0.0,0.0,0.0,0.0,4978.191,12606.997,15744.276,18735.904,21237.902,23797.535,27126.82,30839.713,31702.035,28725.779,24117.088,19251.338,14243.914,10122.745,8394.553,0.0,0.0,0.0,0.0,0.0,0.0,0.0,0.0,0.0,0.0,0.0,15640.098,44131.832,54333.926,57326.348,69250.992,74127.391,79819.211,73946.5,66290.773,54506.551,49061.59,37948.004,29471.797,20697.764,10837.942,8465.677,0.0,0.0,0.0,0.0,0.0,46.8,126.775,126.363,0.209
HK1048,0,934983.563,895135.125,1060992.375,583621.188,292534.688,131924.578,99149.608,54013.074,18478.307,25942.467,20845.695,14849.043,13272.034,11971.688,12061.798,11614.09,13909.796,10631.542,9419.015,0.0,7599.84,0.0,0.0,0.0,0.0,0.0,0.0,0.0,0.0,0.0,0.0,0.0,7065.214,11120.276,14519.335,23677.209,37541.488,46648.324,47073.156,43245.871,36040.34,26504.553,16720.438,9627.69,0.0,0.0,0.0,0.0,0.0,0.0,0.0,0.0,4967.199,14381.479,17942.166,19000.141,22451.797,23092.637,24609.561,26595.791,24449.215,20033.748,18914.93,14825.007,10171.602,7957.716,0.0,0.0,0.0,0.0,0.0,0.0,0.0,0.0,0.0,0.0,0.0,0.0,17392.926,44246.434,56579.688,66925.523,66619.461,73532.75,74995.969,65366.563,69119.656,57582.465,48464.109,35790.754,26852.396,17366.416,9911.333,7208.665,0.0,0.0,0.0,0.0,0.0,108.4922775,5.669,1028.124,0.907
HK1049,0,561423.125,569658.313,614998.25,348560.688,201159.641,105971.847,61797.02,41970.207,16971.803,21245.291,17871.908,9549.119,7108.529,0.0,0.0,0.0,0.0,0.0,0.0,0.0,0.0,0.0,0.0,0.0,0.0,0.0,0.0,0.0,0.0,0.0,0.0,0.0,9456.268,14288.763,14795.921,27567.002,43998.961,61108.301,65747.641,64539.656,61928.234,52508.129,39063.914,26284.186,18586.787,12727.699,9329.799,0.0,0.0,0.0,0.0,0.0,11481.609,22299.5,27139.023,30903.492,38537.996,44170.41,57899.406,60432.758,62100.281,61821.402,45204.164,44355.957,32878.785,25147.451,15495.323,10440.068,7701.866,0.0,0.0,0.0,0.0,0.0,0.0,0.0,0.0,0.0,19932.436,53010.641,78624.32,86130.297,103040.023,92467.906,118078.914,114237.719,106311.07,101649.047,98774.359,76404.094,59913.723,39301.32,22918.482,17992.156,10280.721,0.0,0.0,0.0,0.0,98.32388956,1.43,421.253,0.05
HK1050,0,18954804.0,32660546.0,26564878.0,30984224.0,17394374.0,11570528.38,6821466.75,4345686.625,959353.25,670884.375,396914.219,194661.422,160829.781,105555.375,70938.563,0.0,40472.355,0.0,14705.064,0.0,7119.005,1056328.75,2152750.0,1723142.0,1772736.25,1793777.375,1297274.875,587221.438,586549.125,240040.047,183580.453,141358.281,12985705.0,21486434.0,27631878.0,49897136.0,65270364.0,73416256.0,70031096.0,63640312.0,51327188.0,33899788.0,22178178.0,11839253.0,7349268.0,4026119.5,2313849.0,1142630.875,661738.25,339337.688,190299.969,0.0,7952.015,18905.482,23352.08,27359.438,38498.0,49849.379,50782.5,58377.219,59080.211,53089.898,50357.242,41583.406,32635.955,24244.184,19438.963,13552.945,7628.566,0.0,0.0,0.0,0.0,0.0,0.0,0.0,0.0,0.0,9038.987,27490.1,44156.34,52190.477,58358.84,78776.547,83750.039,88565.016,82951.68,79433.461,78539.016,60427.664,46061.441,32691.373,22572.096,14818.079,10297.115,0.0,0.0,0.0,0.0,51.03173077,0.0,94.382,0.103
HK1052,0,1472739.375,2998900.0,2328449.0,3375472.0,2712536.25,1896228.125,1454356.75,1158636.188,374698.313,367349.25,267508.625,144090.328,113388.938,70304.414,52945.617,31183.777,34370.133,8563.496,31777.457,0.0,20583.453,273018.063,437896.781,561894.125,829870.75,882851.75,627965.375,444630.094,577217.75,310154.375,156230.203,96559.445,849333.125,1489669.0,1958074.0,3745531.0,5510876.0,7110661.0,7696462.0,8020124.0,7713600.0,5884429.0,4868967.5,3239432.25,2651949.0,1819640.125,1372704.25,832325.5,650281.188,363795.188,270142.281,0.0,3556.227,0.0,8955.89,9424.089,9715.839,11481.951,14089.989,12011.11,11859.216,13619.442,10434.315,8539.554,0.0,0.0,0.0,0.0,0.0,0.0,0.0,0.0,0.0,0.0,0.0,0.0,0.0,0.0,7146.072,25912.801,30465.473,32622.322,35047.965,40629.809,36876.105,37117.559,35195.676,31536.266,24353.285,17193.043,15221.16,10043.843,0.0,0.0,0.0,0.0,0.0,0.0,0.0,73.58915479,10.541,91.452,0.123
HK1053,0,1822595.875,4561658.5,3211575.5,5421116.5,4040672.5,3104322.563,1970570.813,1460381.188,401424.844,349270.594,225281.531,190723.422,106930.359,71563.984,49652.977,23033.754,28456.119,0.0,18181.238,0.0,0.0,388915.25,605123.5,746983.813,845529.563,594997.875,558278.625,402571.906,408495.281,198810.969,86192.789,78258.516,2379057.0,3987150.0,5359284.5,10648126.0,16002535.0,19482610.0,21036188.0,20404990.0,17512880.0,11737920.0,8603852.0,4979987.5,3443289.75,2161915.25,1476112.375,841057.313,543135.875,293457.438,197386.156,0.0,2206.277,8163.131,9278.205,14539.751,13992.166,17523.02,14633.4,18342.297,18326.408,16896.854,14717.613,12881.415,11334.451,8985.204,0.0,0.0,0.0,0.0,0.0,0.0,0.0,0.0,0.0,0.0,0.0,0.0,10364.337,27944.824,32066.48,43316.414,45367.684,49673.672,50852.383,56766.605,55118.465,45762.434,34402.883,32027.521,26577.328,16394.523,10659.185,9048.218,0.0,0.0,0.0,0.0,0.0,139.7480602,345.18,6747.074,0.28
HK1054,0,407063.0,366882.0,416113.0,259221.594,162993.313,98027.012,73764.987,49929.215,15552.401,19157.289,20113.441,10068.2,7978.181,0.0,0.0,7060.09,0.0,0.0,0.0,0.0,0.0,0.0,0.0,0.0,0.0,0.0,0.0,0.0,0.0,0.0,0.0,0.0,0.0,0.0,0.0,10825.306,20710.232,23136.938,35056.609,31996.939,33338.215,27589.758,22153.068,15492.808,11282.296,8714.297,0.0,0.0,0.0,0.0,0.0,0.0,6831.085,19530.951,25475.869,30456.916,40843.289,44672.438,51105.547,56313.438,59406.523,43968.621,43661.406,37823.676,27790.766,17660.775,12885.274,8346.332,0.0,0.0,0.0,0.0,0.0,0.0,0.0,0.0,0.0,0.0,31527.738,80358.055,104072.898,127253.117,137547.484,146841.531,158855.25,155636.891,159857.641,139432.375,114518.664,80350.273,69516.797,47458.621,28285.41,16501.883,9605.087,0.0,0.0,0.0,0.0,68.44436941,29.377,76.808,0.209
HK1055,0,445152.75,799311.813,604026.563,782128.875,613252.0,373002.484,283204.48,231561.281,72047.508,106769.492,105464.969,110564.203,151634.063,165468.0,175868.484,170153.188,175651.656,106264.398,105602.18,61225.18,52511.82,35841.355,52019.77,71529.789,67672.422,82564.883,70766.57,38368.918,26188.818,24718.479,0.0,9484.865,19873.045,51792.156,91886.57,188002.984,325964.938,474138.063,571165.313,633668.75,631182.625,548365.875,387671.281,292156.938,206413.984,122322.914,97228.359,54529.035,36711.984,22294.064,11299.8,0.0,0.0,0.0,0.0,0.0,0.0,9591.607,10673.27,15315.414,16999.395,15707.534,14607.001,14927.108,12612.86,9534.673,8763.546,9676.244,0.0,0.0,0.0,0.0,0.0,0.0,0.0,0.0,0.0,0.0,0.0,13679.652,16080.656,16074.197,23407.764,20228.553,26119.662,24626.047,24058.73,23298.734,20560.666,18193.914,14502.134,0.0,0.0,0.0,0.0,0.0,0.0,0.0,0.0,145.3605975,0.295,41.398,0.101
HK1056,1,420442.875,473525.969,475751.969,442813.125,318120.375,190472.912,145119.289,120226.883,52211.695,57241.039,59459.832,42673.824,49660.895,50942.078,51219.156,61470.52,48506.371,55611.332,56464.172,39934.82,52931.336,18219.529,22267.047,27753.336,25575.656,24913.645,18045.264,11940.874,9965.332,0.0,0.0,0.0,82153.734,157574.875,185656.328,387854.281,573197.625,717098.313,722978.125,707623.813,583012.75,412426.719,279951.375,157286.125,99547.758,53333.758,33208.125,17694.881,9758.353,0.0,0.0,0.0,8004.068,18744.701,24640.121,27765.123,36951.777,36395.656,40709.5,40687.191,35919.695,36364.066,28765.205,18634.557,19976.773,11851.156,0.0,0.0,0.0,0.0,0.0,0.0,0.0,0.0,0.0,0.0,0.0,0.0,23456.865,69839.195,83652.977,90682.094,103684.156,101512.453,106073.969,95501.758,87797.281,74095.742,67493.961,56450.227,36620.109,26622.928,14486.751,9859.062,0.0,0.0,0.0,0.0,0.0,185.8,0.0,115.964,0.0
HK1057,0,603937.938,459455.281,573352.813,274583.906,157763.063,94705.103,62132.056,38590.704,13899.413,17787.051,14100.63,7024.054,0.0,0.0,0.0,0.0,0.0,0.0,0.0,0.0,0.0,0.0,0.0,0.0,0.0,0.0,0.0,0.0,0.0,0.0,0.0,0.0,9375.293,13858.458,20086.494,37665.473,54732.719,63590.313,67439.07,65877.336,51421.203,36575.766,25031.254,14410.81,10341.476,7197.495,0.0,0.0,0.0,0.0,0.0,0.0,4630.187,0.0,9183.991,10544.036,13835.53,13896.978,17050.578,14107.564,14024.964,13222.11,10357.131,9056.465,7264.791,0.0,0.0,0.0,0.0,0.0,0.0,0.0,0.0,0.0,0.0,0.0,0.0,0.0,11767.166,30056.068,32102.113,38679.352,40576.625,44660.559,44847.691,42387.844,39111.5,35925.48,32725.84,22036.229,17370.725,12224.501,7490.72,0.0,0.0,0.0,0.0,0.0,0.0,27.4,0.0,865.474,0.0
HK1058,0,1437420.75,1149154.125,1424995.875,704815.563,445343.25,225831.284,173800.643,107605.637,29105.33,32645.293,25601.182,14948.944,16424.695,13250.415,13967.862,12517.295,12235.226,13852.118,13959.204,10782.487,12122.2,14278.823,24444.67,28143.447,38555.105,28066.67,23614.473,18311.947,21364.646,9014.339,0.0,0.0,33352.98,59812.156,90824.016,164661.922,244287.156,300042.844,338105.188,317774.469,317455.156,253664.5,201234.594,126970.648,109022.242,82513.945,56408.953,40924.699,27083.527,16427.512,10900.66,0.0,5474.949,11655.705,14853.949,18916.83,23000.887,30082.197,34576.887,33734.898,31734.547,35298.43,30932.928,18446.486,23148.359,17211.627,11753.433,12444.436,9838.309,7682.556,0.0,0.0,0.0,0.0,0.0,0.0,0.0,0.0,10935.791,32881.965,54181.449,58468.055,77821.281,81398.906,99848.82,93294.555,96294.781,85242.109,74209.641,66866.352,56862.461,45379.156,34441.031,25594.58,20229.752,14253.303,10224.097,0.0,0.0,0.0,0.609,0.0,0.105
HK1059,0,2294909.0,2679227.0,2694654.5,1700851.25,1212974.5,654335.359,403194.422,285882.617,100236.328,91406.109,66995.273,37932.043,39589.059,27676.918,27411.264,19233.705,21075.061,8465.828,14558.25,0.0,8335.644,37079.156,72948.93,72799.672,82873.453,88450.289,76511.313,73241.391,67253.266,46451.238,17832.762,15678.979,198917.922,381775.531,600062.875,1097439.375,1592522.0,1918811.625,2045906.5,1991514.625,1696627.0,1068028.375,955201.563,592312.938,448599.219,288394.563,216251.469,143164.609,90571.305,62081.434,41887.492,0.0,2551.885,0.0,0.0,0.0,7230.336,8265.811,9242.452,7779.985,9722.569,0.0,0.0,0.0,0.0,0.0,0.0,0.0,0.0,0.0,0.0,0.0,0.0,0.0,0.0,0.0,0.0,0.0,0.0,11801.383,13952.644,16302.354,21351.627,22364.129,20687.99,17998.063,18988.615,13568.481,15630.962,9577.203,0.0,0.0,0.0,0.0,0.0,0.0,0.0,0.0,0.0,91.09650014,3.085,91.452,0.0
HK1060,0,1577806.625,1611622.0,1614930.875,1189712.375,742242.063,372404.27,236950.801,186343.937,54722.887,54714.762,33686.781,23801.504,14373.757,9016.639,7378.218,0.0,0.0,0.0,0.0,0.0,0.0,34220.047,40613.668,75639.875,82704.305,101752.305,65946.805,51414.543,48383.695,22181.273,17314.023,8359.237,69988.852,134209.719,182711.516,354669.125,584140.313,746802.5,841684.938,901331.375,841658.813,670147.5,509359.281,346982.125,234569.469,173722.984,131163.719,80781.445,51420.629,31149.281,15998.908,0.0,13134.421,33642.969,51740.398,67145.836,63536.836,98182.977,116016.016,117032.453,125870.914,119317.672,102557.281,96611.609,75893.82,59180.746,44084.379,31134.0,26864.574,16404.875,10808.556,9014.094,0.0,0.0,0.0,0.0,0.0,0.0,12844.839,34588.324,58650.5,66413.789,73349.266,89362.734,103772.383,108442.523,108664.055,85937.938,79045.789,72043.328,54696.328,39593.105,23695.258,16941.275,13567.518,10554.773,7863.245,0.0,0.0,54.17309963,2.93,97.117,0.0
HK1063,0,292098.969,400434.563,365556.063,407653.188,398695.438,413415.719,463927.937,472703.187,305492.563,500462.719,601274.625,702966.0,715261.313,380686.344,510726.938,612756.563,513273.344,351721.75,196586.563,130058.148,75803.703,12727.418,23333.168,25462.457,29264.459,31623.473,29386.799,21737.828,13165.35,8984.262,0.0,0.0,36340.48,45599.336,86112.438,227396.109,364436.188,523528.0,611803.375,624850.0,468916.906,291824.906,0.0,192530.297,149177.422,113743.219,78515.883,46633.379,28012.137,14786.264,7251.305,0.0,6220.653,24116.045,26111.045,30529.576,37285.59,42807.309,45805.016,49605.668,45424.484,42618.156,37085.156,27506.996,21361.346,14469.934,8872.082,0.0,0.0,0.0,0.0,0.0,0.0,0.0,0.0,0.0,0.0,0.0,25160.902,81775.664,106922.531,115438.453,127818.891,124176.391,130859.32,129764.297,114316.008,104886.648,88360.711,76099.281,53815.52,34477.625,19445.223,11442.385,7138.412,0.0,0.0,0.0,0.0,127.6518455,1.101,690.459,0.0
HK1064,0,307513.406,875813.375,525601.375,1159583.375,888696.0,974106.758,657931.859,657703.079,199745.953,138179.984,122777.313,65514.406,57992.469,46094.43,27340.506,25452.287,18149.979,12283.03,9246.877,0.0,0.0,58270.813,117261.797,165961.766,220547.594,212698.156,237682.578,149526.266,170665.734,89690.898,78216.883,53652.188,46325.176,91908.148,145920.797,355021.969,658123.188,1020030.75,1283339.75,1643292.25,1848132.125,1741632.375,1596898.75,1261187.125,1012780.125,823278.188,703183.5,500521.219,380489.875,245114.578,183805.266,0.0,2344.655,7015.526,7408.445,11416.005,11319.751,14293.632,14932.865,13783.999,15729.228,11470.652,11496.19,9529.826,0.0,0.0,0.0,0.0,0.0,0.0,0.0,0.0,0.0,0.0,0.0,0.0,0.0,0.0,7027.181,18660.994,28135.381,33872.891,40438.188,40570.348,40711.223,36847.645,38221.512,30723.883,24984.834,20738.139,14884.456,8460.432,7494.15,0.0,0.0,0.0,0.0,0.0,0.0,44.20767692,145.896,1293.342,0.101
HK1065,0,874214.688,3476680.75,1854382.75,3723720.5,4113081.75,2869839.219,2352012.031,1926653.0,605687.063,480246.313,303982.625,145610.859,110312.93,59552.68,36857.348,25438.094,20511.281,13609.85,9758.06,0.0,7720.895,14555.525,37701.461,41028.055,67463.656,64316.211,69575.219,38009.461,50720.918,22757.662,14436.217,8797.177,12433.632,25921.898,46746.637,94413.492,174038.5,272651.125,339437.438,392255.781,474304.313,441038.375,373466.5,285177.438,233409.609,164932.813,119084.07,88530.781,65028.461,38354.969,26996.064,0.0,0.0,0.0,0.0,0.0,0.0,7029.297,0.0,7133.146,0.0,0.0,0.0,0.0,0.0,0.0,0.0,0.0,0.0,0.0,0.0,0.0,0.0,0.0,0.0,0.0,0.0,0.0,0.0,11533.194,13869.543,14562.878,18711.066,20193.072,19873.283,19621.934,19562.633,14826.234,14387.195,12798.729,10392.196,0.0,0.0,0.0,0.0,0.0,0.0,0.0,0.0,0.0,2.893,0.0,0.0
HK1067,1,2485812.0,2723939.0,2968930.75,2844865.75,2142636.75,1529630.281,1510002.188,1530841.688,952161.0,1049040.875,1618366.375,1507253.125,2143803.75,2161512.5,2160158.75,1959931.125,1817076.75,1094637.5,939552.188,560383.063,337880.156,40190.402,108685.836,108509.609,191105.891,172515.75,215939.859,141180.141,176807.953,92180.813,47777.531,38778.051,26629.418,52215.531,90570.719,185239.344,327215.688,481712.875,644610.25,757225.563,823106.625,743090.688,670495.188,487350.031,448624.563,316279.313,246836.375,188800.813,134343.328,83338.422,59293.426,0.0,6644.715,16470.453,22273.393,28778.244,35485.246,40084.238,45682.059,49716.918,53705.484,45859.332,37574.398,28936.92,21834.93,15394.397,9108.838,0.0,0.0,0.0,0.0,0.0,0.0,0.0,0.0,0.0,0.0,0.0,19724.742,63088.762,81246.086,87765.703,100349.414,116421.344,123672.492,116438.773,117064.242,103596.883,85933.141,71231.07,51625.332,34938.488,19717.016,14234.53,7799.276,0.0,0.0,0.0,0.0,209.5598711,10.333,301.512,0.0
HK1068,0,847494.438,1788194.5,1414972.75,2054445.5,1987096.0,1254463.547,814967.086,646361.11,175972.984,160589.828,108318.953,56514.832,56475.352,37412.094,26769.969,11924.528,16946.455,0.0,12365.021,0.0,0.0,131897.781,259480.828,213533.188,228608.328,216151.5,170741.016,106859.32,134421.906,76369.469,35482.258,21521.574,956022.438,1847457.5,2245896.0,4720859.0,6763309.0,8493237.0,8569412.0,8165818.5,6642842.0,4202921.0,3085113.0,1815346.75,1198680.625,746361.125,488643.031,280922.094,176302.719,102846.484,69710.406,0.0,3672.336,12303.198,14708.113,20737.768,21834.211,27458.07,33455.848,33347.383,36386.41,34756.746,32035.941,28574.457,24659.063,21254.076,14091.696,12202.382,8953.03,8935.752,7172.686,0.0,0.0,0.0,0.0,0.0,0.0,0.0,17986.512,57073.527,66844.445,85827.914,90159.008,95088.461,109327.281,124724.016,125965.836,101524.25,98073.266,84588.602,63039.336,56525.273,38972.875,28904.293,23441.32,20219.643,12864.833,13393.419,8541.444,77.8,32.999,229.282,0.152
HK1069,0,2294403.75,2425456.75,2430091.0,2054982.875,1449817.125,1118365.891,899668.547,858954.563,347276.531,541474.563,500133.781,680129.188,633523.813,819115.188,809617.938,802083.875,773925.75,638733.313,559836.375,494687.156,424735.313,27907.484,52561.328,75482.898,84671.836,86296.891,78109.359,51814.109,46967.508,26163.752,12177.297,13720.703,42342.453,86860.336,121977.375,277789.969,481292.125,684013.375,791925.813,864286.313,898212.25,734729.0,573942.75,428165.313,312283.969,206713.172,147210.938,103771.883,67775.32,41609.273,26197.34,0.0,6172.882,15633.649,21298.061,21912.016,31610.156,33558.07,33802.07,38556.719,39037.91,34740.816,31926.531,24860.324,18547.297,14537.998,9579.008,0.0,0.0,0.0,0.0,0.0,0.0,0.0,0.0,0.0,0.0,0.0,12804.25,36407.496,47001.172,47184.18,53569.75,63834.203,68895.141,61987.051,60700.918,59875.566,48654.531,39630.484,34368.203,23416.305,14941.429,8560.041,7226.359,0.0,0.0,0.0,0.0,9.2,2.196,34.059,0.122
HK1070,0,599750.313,496548.625,602584.75,401563.844,244965.797,150305.904,96866.616,65373.844,26732.496,35872.992,25782.131,18653.885,14425.794,12608.768,8737.608,16123.446,11313.093,26227.039,9548.074,22697.209,0.0,0.0,0.0,0.0,0.0,0.0,0.0,0.0,0.0,0.0,0.0,0.0,13761.473,10934.576,18932.463,13738.838,53412.0,12657.012,63368.527,21408.984,47655.266,56658.453,26264.871,46875.637,11655.585,35596.711,0.0,20301.164,0.0,10748.11,0.0,0.0,1946.849,0.0,0.0,7722.23,0.0,7420.917,10033.897,10526.9,10650.122,11760.427,9535.477,10931.308,0.0,0.0,0.0,0.0,0.0,0.0,0.0,0.0,0.0,0.0,0.0,0.0,0.0,0.0,9378.089,24327.01,28941.889,30189.615,31050.686,31704.191,33182.957,29029.338,31917.816,25778.807,20841.688,17464.188,11912.007,9602.831,0.0,0.0,0.0,0.0,0.0,0.0,0.0,123.3122566,0.0,641.101,0.105
HK1071,0,11254386.0,20069990.0,15765301.0,20721642.0,14555778.0,9915603.375,6223030.625,3713530.5,884564.688,670116.188,419724.188,251875.563,168282.563,108565.336,69867.789,31059.295,59767.758,0.0,46008.984,0.0,25266.041,1172438.375,1884585.375,2032387.75,2114523.75,1568227.375,1455749.0,934176.25,637079.0,359326.625,195849.563,159686.313,8320129.5,14024002.0,18834482.0,36736472.0,52852984.0,63002008.0,65610920.0,65553372.0,54788392.0,37722916.0,26863706.0,16471062.0,10917843.0,6172682.5,4153061.5,2323399.25,1372311.75,700549.688,396241.125,0.0,3762.396,11720.928,18876.502,16527.838,21835.836,23610.5,23573.289,25287.451,27548.938,23723.645,21212.963,19915.795,13403.4,10086.347,0.0,0.0,0.0,0.0,0.0,0.0,0.0,0.0,0.0,0.0,0.0,0.0,13198.496,39891.188,56272.199,58674.789,63652.395,63409.133,69638.039,77077.969,78897.961,70007.359,53689.375,41968.016,31897.361,20540.863,13874.27,7109.663,0.0,0.0,0.0,0.0,0.0,63.0,10.023,60.027,0.17
HK1072,1,872368.875,1030584.375,973137.5,977344.375,712288.563,520010.0,436440.234,338185.102,102646.648,107422.906,83965.781,72314.109,43290.066,37061.844,20460.77,14337.254,14103.89,8863.966,12178.271,0.0,8975.786,61470.586,116315.07,178462.75,215195.328,254406.219,293618.219,251321.656,175882.344,159444.625,111925.625,73796.25,133555.453,247116.266,392464.875,725512.375,1107924.25,1403823.25,1571102.375,1556103.875,1570668.75,1219433.75,1028197.438,810553.25,642078.813,513781.125,452911.469,332313.0,239916.922,150416.906,123624.828,0.0,8526.497,21437.078,24104.875,31050.602,32326.66,41349.168,45203.195,52481.129,51821.387,43977.758,38418.363,29997.73,25883.6,16801.426,11351.424,0.0,0.0,0.0,0.0,0.0,0.0,0.0,0.0,0.0,0.0,0.0,37328.871,99936.227,126639.273,137738.594,146923.844,158044.125,169408.203,160831.422,147075.688,110412.844,99708.305,72181.25,56110.277,36374.004,19455.715,9401.564,7959.916,0.0,0.0,0.0,0.0,168.2515283,0.0,533.87,0.0
HK1077,0,1824715.75,2011571.0,2048206.125,1388061.25,784901.25,555103.055,349598.813,280675.102,85482.078,74530.047,56518.023,34931.727,30827.451,25202.049,23987.373,23828.635,22681.98,15509.322,16886.303,8007.534,8579.923,0.0,10143.105,13047.803,21108.449,17884.121,15211.145,13588.339,12926.704,0.0,0.0,0.0,14002.745,25956.186,42469.324,80013.984,140870.953,168050.375,199883.328,210021.391,194403.891,153012.484,122714.969,90367.148,69912.539,51950.043,40163.801,27408.785,17737.797,10617.913,7811.131,3095.202,5558.294,15126.241,20355.607,24574.588,25910.727,35162.816,35264.297,41463.305,39377.141,35987.648,33954.836,27161.492,20039.652,15366.192,9994.979,0.0,0.0,0.0,0.0,0.0,0.0,0.0,0.0,0.0,0.0,0.0,14953.612,40696.375,58148.102,57273.617,71595.859,73586.359,91005.359,88830.695,79595.32,71136.0,65558.813,54507.293,37949.75,26342.855,18496.053,10485.691,7447.294,0.0,0.0,0.0,0.0,93.20432004,0.484,317.524,0.164
HK1079,0,15321601.0,30375920.0,21746176.0,29393362.0,21690690.0,14178419.88,9326350.75,5526160.25,938430.375,908874.688,527127.75,341289.781,230665.609,160874.516,119522.898,57740.844,67568.438,0.0,45827.184,0.0,0.0,1778505.75,2618250.0,2804741.25,3077790.5,2251434.5,2306284.75,1362278.0,965453.438,532848.563,341781.844,248851.391,10092008.0,18048788.0,23006666.0,47084056.0,67683680.0,83520832.0,83343208.0,83055304.0,68698912.0,48441068.0,37683168.0,21252826.0,15208117.0,8699546.0,5591301.0,3091782.5,1680997.75,893611.5,497206.969,1719.455,7377.13,35486.223,45982.324,53834.543,60221.773,60508.352,67713.906,66756.461,66558.008,55235.258,50161.035,44941.223,33828.172,20270.334,18085.063,10179.066,8512.071,0.0,0.0,0.0,0.0,0.0,0.0,0.0,0.0,0.0,40594.668,103829.984,132091.141,158120.953,147335.797,164308.172,169380.359,162742.031,163836.734,144758.875,124530.898,98569.977,77929.773,48757.445,33017.211,19955.936,13859.263,10540.428,7218.993,0.0,0.0,35.7048951,0.0,51.398,0.114
HK1081,0,280646.281,274071.719,327265.813,194811.75,142460.406,82324.523,64961.481,50480.791,16332.927,20308.643,18085.932,10887.313,8326.733,0.0,0.0,7399.789,0.0,0.0,0.0,0.0,0.0,0.0,0.0,0.0,9042.656,7591.786,8186.15,0.0,0.0,0.0,0.0,0.0,0.0,0.0,8301.518,18449.338,32364.85,50234.496,60119.75,73448.0,73753.75,69339.516,50289.793,41659.469,29370.254,22635.848,14639.284,8438.582,0.0,0.0,0.0,0.0,2531.094,0.0,9015.083,11449.944,14326.785,18630.049,18007.123,21609.66,20158.48,19595.35,17239.537,16765.104,14768.712,10756.06,7904.113,0.0,0.0,0.0,0.0,0.0,0.0,0.0,0.0,0.0,0.0,0.0,8821.849,22594.529,32116.146,36129.547,42915.426,47221.867,51766.582,57047.891,60082.473,46965.004,48009.371,34767.328,29898.98,22863.1,12637.771,9663.65,8321.988,0.0,0.0,0.0,0.0,118.2713968,10.387,530.275,0.111
HK1083,0,207693.672,436541.344,328725.594,509924.844,414583.844,310036.102,219660.351,153702.579,46937.414,45810.348,29821.9,24319.629,12995.311,11659.644,11543.584,0.0,11886.009,0.0,11373.356,0.0,0.0,26562.764,43936.004,49871.746,60504.641,56464.641,48159.348,33397.945,18284.838,14678.544,8593.826,8737.067,140359.266,298243.781,429683.469,791399.875,1258785.125,1450199.0,1562199.25,1546146.75,1287441.5,947402.25,699006.938,413384.375,286405.719,181796.891,108472.961,65747.555,38501.629,21612.309,12387.827,2101.545,32138.123,82430.953,98153.352,134565.188,150979.266,194740.406,216193.453,228634.391,236988.125,202864.75,161469.016,139558.25,114426.266,79404.344,51254.828,33816.652,20586.846,15179.169,10587.933,8107.401,0.0,0.0,0.0,0.0,0.0,0.0,99301.016,301958.906,447278.625,492862.5,555139.188,591151.875,621737.75,631434.75,610565.125,509901.594,429391.125,342934.969,261671.688,186156.016,116063.164,80056.68,50135.242,31842.551,22990.871,17729.551,10157.686,44.6,15.397,125.255,0.12
HK1084,0,1046669.563,859053.75,1001453.313,537243.188,272018.688,118397.025,80522.649,49580.9,15043.581,20783.318,18239.406,11841.064,11642.858,10107.517,9531.817,12825.008,11362.962,11335.023,9243.718,9541.685,7395.092,0.0,0.0,0.0,0.0,0.0,0.0,0.0,0.0,0.0,0.0,0.0,0.0,0.0,0.0,15583.248,30172.297,43618.473,50973.406,57511.289,55517.504,53006.395,43668.887,35298.039,26746.453,19246.604,18252.799,11785.523,9777.66,0.0,0.0,0.0,12801.121,32724.604,42573.18,50765.379,53598.449,66367.969,72906.055,79701.406,84109.125,84484.117,83662.844,73843.805,55556.703,49705.379,39745.395,29095.227,27393.582,22540.16,18044.324,14599.318,11773.848,8343.671,7486.555,3952.417,5124.396,2739.183,44196.551,131715.125,163690.719,180327.672,191518.234,202659.203,215468.203,210936.641,206272.422,188152.828,174246.953,142436.25,98964.055,69607.383,46691.262,31387.191,20983.012,15838.867,11031.059,0.0,0.0,72.93997498,11.119,1737.099,0.12
HK1085,1,2073592.25,2304206.75,2368321.25,1664469.0,920195.313,538662.727,339921.316,223719.117,71090.883,53422.566,46182.383,29707.064,16488.039,14349.924,9587.403,9922.004,7411.301,0.0,0.0,0.0,0.0,23416.023,51470.332,63827.387,70107.039,90443.461,85317.547,61305.73,48285.156,27780.217,17022.076,13996.166,18231.137,32316.904,63859.297,116821.102,220078.594,308438.0,408629.531,490627.0,530882.75,502287.125,425704.219,329172.406,262262.813,199442.594,159315.578,110654.031,77243.438,50854.742,32273.771,0.0,2329.776,0.0,7399.317,8906.86,9216.062,10651.491,12562.292,13867.13,16873.203,16556.564,13362.736,10343.665,10053.833,0.0,0.0,0.0,0.0,0.0,0.0,0.0,0.0,0.0,0.0,0.0,0.0,0.0,8583.324,22254.439,32240.977,35922.324,32504.566,37608.09,41220.242,42856.84,41913.199,33383.391,28229.994,21690.15,19765.639,15584.321,0.0,0.0,0.0,0.0,0.0,0.0,0.0,203.4010374,143.463,1491.555,0.0
HK1086,0,3510565.25,3976194.75,3725118.25,3660203.75,2581745.25,1905286.844,1375194.031,984585.063,326897.344,304280.969,245874.688,205380.609,166917.156,156574.563,151699.234,153466.172,171306.188,138074.141,133035.422,103009.797,110107.086,61844.406,93662.883,128422.984,167451.484,154853.719,182739.797,116879.438,110609.484,58498.953,41050.586,32603.717,139438.984,247825.031,400460.063,826035.875,1292461.125,1833041.125,2311457.25,2372010.5,2275863.0,1750011.25,1314901.25,896163.25,614391.813,420293.844,303781.594,184467.344,130799.766,76426.219,45524.422,0.0,3611.343,9079.161,13091.766,14900.561,16964.836,19535.555,25309.271,27005.682,21438.102,27949.762,20503.514,20355.215,14397.515,9793.46,7914.957,0.0,0.0,0.0,0.0,0.0,0.0,0.0,0.0,0.0,0.0,0.0,9069.741,32359.779,45111.031,50521.355,55201.984,53961.41,64251.223,63555.527,58452.355,56946.156,47992.207,39148.375,27707.133,22157.055,14561.895,7693.097,8063.057,0.0,0.0,0.0,0.0,104.5936764,0.353,454.536,0.0
HK1087,0,603574.125,721656.938,702812.0,622373.125,412978.313,271413.61,196342.345,141900.238,60480.813,156738.547,180037.125,184515.859,146683.109,116680.508,98949.711,81972.141,70231.25,53380.719,39315.66,17104.277,15619.454,14054.969,23072.215,34252.781,36023.949,48231.699,45123.746,31249.662,27317.307,17511.623,8718.054,15159.882,27006.791,44430.465,74563.906,139315.484,228910.859,308591.188,432422.875,460269.344,468140.688,394320.563,332492.063,227847.141,178357.953,135450.484,110984.875,85579.547,56395.863,37213.465,18017.652,0.0,10439.093,27923.576,35640.867,42292.414,43095.383,46489.395,57130.891,51694.875,48732.633,51875.098,43271.48,35791.137,29424.67,20808.684,12531.411,9693.719,0.0,0.0,0.0,0.0,0.0,0.0,0.0,0.0,0.0,0.0,31075.453,77849.484,124309.563,137712.813,147570.547,146152.453,140081.859,137090.438,136299.047,111287.227,94245.727,72731.688,55069.84,33171.93,22872.387,15268.935,10058.965,7149.28,0.0,0.0,0.0,14.4,18.957,35.936,0.106
HK1088,0,1583264.0,1660819.25,1824070.625,1355399.375,810912.25,463530.523,299385.266,193710.922,59155.004,66901.328,48271.727,32019.924,14615.166,12644.246,8121.53,0.0,0.0,0.0,0.0,0.0,0.0,33599.828,61409.563,68399.188,80004.367,82035.43,74954.523,49553.602,41036.914,26938.795,14059.124,7104.56,94310.57,200174.031,270813.594,617867.625,891997.0,1144275.125,1341314.875,1455526.125,1311028.75,964568.75,706060.0,488718.875,336115.125,203914.516,149605.078,88083.242,49829.52,29125.691,15832.369,0.0,6053.713,10638.124,13908.231,18892.309,20042.045,19171.844,30111.732,31634.029,28443.807,29937.566,24423.172,22375.627,16562.689,11525.171,8148.143,0.0,0.0,0.0,0.0,0.0,0.0,0.0,0.0,0.0,0.0,0.0,27693.533,62239.828,79378.43,88484.273,84333.18,84665.359,90449.703,87218.914,96145.836,80873.289,66278.477,54087.594,35035.137,28199.248,13839.992,9334.279,0.0,0.0,0.0,0.0,0.0,75.66733064,3.087,210.074,0.104
HK1089,0,3294322.25,3057145.0,3795112.25,2195000.25,1429600.75,567459.415,314749.965,211938.766,53359.004,52042.316,38161.715,21669.67,22017.229,16575.391,17226.922,19161.26,19597.396,23764.973,23188.463,16600.729,20485.055,28096.277,47969.813,46717.461,84046.695,57079.895,49398.074,37179.277,36254.352,15550.456,7292.454,0.0,83100.266,153114.203,263937.469,459893.813,653635.563,862593.813,1001992.5,949748.875,856539.688,668044.688,445047.406,289388.656,205476.234,134111.344,84940.148,57991.461,37996.598,22423.809,12579.844,1573.65,12307.633,30575.154,41453.961,54275.016,57001.629,67843.719,67375.828,79557.906,88496.195,73906.031,67004.578,52020.227,48237.031,29174.449,22046.107,15333.92,10770.743,0.0,0.0,0.0,0.0,0.0,0.0,0.0,0.0,0.0,33250.809,73102.398,108691.164,120527.477,135646.25,140957.859,143115.484,147246.703,141001.125,125761.656,111542.258,81818.938,62412.102,49110.914,31488.596,19051.359,10216.668,8835.904,0.0,0.0,0.0,89.4,0.895,284.872,0.106
HK1093,0,2180718.0,2341623.0,2408744.5,1750262.75,994708.125,617521.398,434872.305,287658.016,87667.375,84028.406,77027.266,47524.598,36982.441,39025.758,30494.203,32472.09,34894.145,24776.82,23595.971,10271.481,9831.683,34499.566,68080.898,95157.992,119659.93,115753.398,135491.594,95262.945,72914.211,50415.277,35896.992,23060.445,136050.984,197217.5,239338.922,386498.75,513615.75,663181.25,667871.938,690097.375,774810.75,632225.063,599705.813,505454.375,429950.0,371455.719,299035.5,231667.688,164858.734,114820.258,84930.266,0.0,2323.764,8399.396,13220.872,16510.121,18104.568,24493.92,26132.977,33306.488,29809.447,30927.715,28422.672,26944.168,23590.65,18918.48,12190.486,10698.691,8700.561,7548.008,0.0,0.0,0.0,0.0,0.0,0.0,0.0,0.0,14272.238,41830.563,58537.953,66229.867,79613.906,79502.875,86201.047,95936.578,88334.82,84052.43,66615.883,53135.359,50427.563,31305.797,25114.025,15848.388,13044.311,10215.779,0.0,0.0,0.0,38.27395369,0.462,99.658,0.267
HK1094,1,1624846.625,1790617.5,2056837.125,1645533.75,853719.188,549910.126,400613.25,324363.742,103695.516,86607.367,74020.859,42126.391,34252.414,25666.572,18427.066,18257.027,12848.63,8757.312,8883.215,0.0,0.0,22841.318,47923.195,73519.461,80503.633,97198.68,100856.25,80948.68,99881.031,50968.168,43925.457,25454.596,11726.496,18139.047,37915.512,73190.016,135881.391,216926.438,283746.281,378066.313,387256.906,388521.344,361296.563,287717.406,244313.234,208604.938,169727.922,119998.492,95831.219,61147.645,46412.707,0.0,3863.214,14263.275,26582.711,28021.064,35222.539,45292.637,50118.324,62746.172,55151.582,54593.336,49397.652,38264.848,31993.201,24977.113,17004.414,13219.353,9236.385,0.0,0.0,0.0,0.0,0.0,0.0,0.0,0.0,0.0,12636.365,34452.082,59044.488,73365.625,86277.906,88618.813,97497.906,102315.117,98719.078,77023.5,64349.0,54411.148,43926.375,31356.979,19757.523,13938.412,9730.688,7902.38,0.0,0.0,0.0,151.8735043,4.344,53.653,0.102
HK1095,1,1383473.125,2464129.75,2094371.375,3442067.25,3156521.75,2589643.625,1840406.375,1557373.531,533214.5,531657.563,412844.063,234137.016,200101.844,111955.93,54158.566,41182.5,25119.521,0.0,0.0,0.0,0.0,241846.781,476676.938,651023.313,902832.563,1193967.125,1344035.125,891409.625,1143809.0,590623.0,398086.094,282247.844,178073.578,405379.594,641356.563,1331534.75,2158902.0,3415865.5,4371985.5,5475495.0,5857085.0,5921098.5,5322906.0,4343355.5,3703347.0,3122417.75,2621831.5,1947179.875,1475522.625,1044073.313,813923.313,0.0,1654.074,0.0,0.0,0.0,0.0,10571.938,11470.004,10629.767,10990.309,11171.359,7946.103,8168.788,0.0,0.0,0.0,0.0,0.0,0.0,0.0,0.0,0.0,0.0,0.0,0.0,0.0,0.0,0.0,17250.963,23777.574,24177.102,25875.277,31504.105,31391.777,32364.875,24739.41,25185.262,24924.869,16766.107,14658.643,10132.28,0.0,0.0,0.0,0.0,0.0,0.0,0.0,159.6233032,100.864,4705.231,0.108
HK1097,0,602983.0,1089436.875,801546.125,1162359.625,724446.188,648181.086,385041.735,298343.422,80817.852,64587.59,46917.785,27568.082,24601.539,18969.408,13368.975,12901.631,9661.875,0.0,9578.911,0.0,7070.617,73655.273,146160.75,129754.828,156559.813,194918.5,116973.141,68002.43,98245.547,49847.648,22739.496,16930.525,268678.938,527709.375,839269.25,1784171.125,2838115.75,3632327.0,4117440.75,4333965.5,3948872.25,2859561.0,2153036.0,1306480.0,936713.5,590947.938,377538.75,211613.156,117500.75,64992.547,37061.859,0.0,2614.049,0.0,0.0,0.0,0.0,8022.212,10705.857,9118.507,9264.78,10256.98,9695.258,0.0,0.0,0.0,0.0,0.0,0.0,0.0,0.0,0.0,0.0,0.0,0.0,0.0,0.0,0.0,10795.521,21202.367,28477.547,29862.877,31680.418,31447.373,32027.66,33990.48,31899.027,27691.865,23033.27,19388.664,11936.421,7564.175,0.0,0.0,0.0,0.0,0.0,0.0,0.0,70.2,37.029,77.372,0.111
HK1098,0,2157678.0,4992808.0,3424929.0,5883058.0,4872263.5,3983687.188,3162390.875,2340150.938,769399.625,691491.25,570129.938,387116.938,238425.047,169890.422,61618.16,50737.422,33231.59,0.0,13988.743,0.0,12256.552,558083.313,950957.625,1221101.25,1524005.125,1630716.375,1443151.5,1221850.0,942071.75,595339.688,289931.375,234571.5,1141094.375,2045345.375,2939206.75,5749040.5,8692291.0,10847184.0,11560108.0,12735458.0,11435064.0,8997141.0,6895442.0,4571910.5,3278093.25,2104427.25,1615648.125,986463.25,681357.188,407382.969,268527.219,7995.567,6891.489,13900.72,16510.469,22890.236,27266.85,37310.066,50472.563,43132.945,43664.738,43489.578,39429.891,34678.82,26883.676,23212.818,12847.444,8718.451,0.0,0.0,0.0,0.0,0.0,0.0,0.0,0.0,0.0,0.0,24294.266,51528.188,69973.375,93640.25,99724.68,107226.109,115500.82,118651.461,116116.508,108186.031,98356.188,75961.93,57143.504,43106.734,25090.096,18226.764,8043.271,7625.105,0.0,0.0,0.0,89.55181302,0.0,66.197,0.17
HK1099,0,1332505.0,1047617.75,1253940.0,744709.75,436758.063,274285.895,165050.227,110782.102,42930.035,39317.863,33301.949,21312.699,15437.709,14372.308,10614.698,11107.55,13043.858,0.0,10611.488,0.0,0.0,21135.879,29712.504,37593.145,38345.887,37659.215,26435.705,11952.205,10815.34,0.0,0.0,0.0,122311.055,209997.219,247662.828,444473.375,653141.625,761871.938,743199.813,689114.688,603049.063,398782.406,263367.906,149400.219,93959.031,47477.109,26795.82,12815.675,0.0,0.0,0.0,4178.516,34149.957,65274.797,74540.688,105778.641,126922.883,149754.625,177454.453,178239.391,173692.641,154885.469,140249.516,114475.266,89493.016,58013.188,37010.613,24743.17,15014.796,10425.244,0.0,0.0,0.0,0.0,0.0,0.0,0.0,0.0,81753.086,187758.797,304411.344,313367.719,359900.219,380440.469,383393.719,375733.844,385191.469,314960.781,288090.594,225229.297,167539.609,121432.352,71108.117,44453.992,27047.928,15700.454,10619.525,0.0,0.0,3.2,0.0,33.499,0.0
HK1101,0,179749.594,428764.719,308371.719,507951.406,399543.25,315447.133,237962.633,155972.051,51425.828,54732.641,29481.855,17988.678,11216.11,0.0,0.0,0.0,0.0,0.0,0.0,0.0,0.0,19619.951,30552.229,41289.555,45266.828,34930.828,30870.916,20882.068,11315.409,0.0,0.0,0.0,31363.457,56785.465,97400.563,161463.063,278637.938,386999.906,467640.781,506782.563,486292.406,405033.438,332698.063,218341.656,153186.797,100769.148,69085.18,44448.984,27423.361,18151.561,11064.973,0.0,3184.539,8474.493,11409.776,10967.818,11569.5,14403.172,16677.064,14473.562,17875.041,14470.055,12623.508,11456.065,0.0,0.0,0.0,0.0,0.0,0.0,0.0,0.0,0.0,0.0,0.0,0.0,0.0,0.0,13010.78,34119.469,38996.547,46759.785,46048.613,40493.883,49184.379,50160.633,46512.438,40352.332,33004.566,30631.611,19204.725,13347.223,8573.545,0.0,0.0,0.0,0.0,0.0,0.0,122.7720957,0.904,1081.498,0.101
HK1102,1,3335164.0,5402139.5,4596178.5,4793332.5,3238997.5,1794331.906,1174760.141,876884.501,247012.453,176581.703,184165.547,143524.172,136720.984,114200.375,116637.688,91024.234,125721.875,31491.42,92994.5,0.0,54304.238,191436.609,297500.938,314278.875,352754.594,334901.656,299146.688,168764.188,152560.5,78338.984,41327.473,40447.031,1633941.0,2526485.0,3524119.25,6342016.0,8757757.0,10478526.0,10745066.0,9687199.0,7597919.0,5330608.0,3589229.5,2104862.25,1273269.875,737268.688,445073.719,248883.672,151654.047,77651.453,51402.922,0.0,2437.234,0.0,9803.673,15972.52,21314.963,31794.594,32001.064,41388.633,36062.746,35790.742,29280.605,20733.73,14987.315,9869.738,7239.993,0.0,0.0,0.0,0.0,0.0,0.0,0.0,0.0,0.0,0.0,0.0,21931.172,66330.469,91648.625,119078.5,119291.781,123632.594,149794.531,144501.203,129016.633,108441.938,83841.297,71138.242,44079.879,27671.506,15630.858,10625.239,0.0,0.0,0.0,0.0,0.0,164.8974334,248.614,790.0,0.15
HK1104,0,3848399.5,12741486.0,7193897.0,13639842.0,12825860.0,10144609.0,8585423.125,7823788.5,2437759.25,2205064.75,1623452.25,882674.25,583175.563,405575.813,158537.172,159610.453,17791.418,48980.27,30665.684,0.0,9928.135,1074608.0,2184991.0,2856328.0,4664292.5,5127718.0,3638985.75,2894654.75,2996491.25,1406753.5,923647.188,568726.375,1027722.875,1887765.125,3161944.5,5457479.5,9656743.0,14306340.0,17944496.0,21441764.0,21792768.0,19111174.0,15555034.0,11733818.0,8601023.0,6089271.5,4558803.0,2875056.0,2146456.0,1274512.875,938190.313,2004.578,14039.197,32839.563,36390.754,44086.02,52170.84,54440.594,57759.867,62138.125,52369.617,47582.996,43124.91,35116.66,28658.057,18039.404,12652.163,7021.206,0.0,0.0,0.0,0.0,0.0,0.0,0.0,0.0,0.0,0.0,24778.264,60759.68,94555.758,96062.453,111774.953,110392.344,110094.344,111343.547,111398.109,93236.859,81176.961,72342.289,46911.641,32576.324,19362.516,11455.089,9922.291,0.0,0.0,0.0,0.0,38.0,221.986,1001.886,0.114
HK1106,0,12590548.0,19557710.0,16549264.0,18597502.0,19379240.0,14938781.5,14058352.0,16533867.0,7571427.5,10473845.0,13447249.0,11672298.0,17208666.0,18412216.0,20792964.0,23007022.0,25746310.0,25185984.0,24998548.0,22330288.0,21122346.0,238456.359,468524.469,377778.25,429279.844,359198.031,291322.594,161070.25,152087.625,57682.113,37917.121,21219.387,2906258.25,4624702.0,5397619.5,11461786.0,15375233.0,18594666.0,18595070.0,16343173.0,11880159.0,8090420.5,5514838.5,2788212.0,1689087.0,1007726.313,600871.688,304488.375,185931.359,86367.016,53294.84,0.0,2085.941,7546.301,11654.6,14974.978,13459.498,16699.477,16420.053,19142.672,14093.394,15844.588,14085.092,11130.028,8085.614,0.0,0.0,0.0,0.0,0.0,0.0,0.0,0.0,0.0,0.0,0.0,0.0,0.0,9135.498,30155.73,38773.273,44197.762,56249.164,50680.012,55613.059,53422.98,41185.852,36488.824,32849.332,32196.609,20422.248,12151.475,10495.724,0.0,0.0,0.0,0.0,0.0,0.0,144.4,0.0,77.372,0.0
